iata,degree_centrality
CDG,0.119565
FRA,0.118012
AMS,0.11646
IST,0.108696
ORD,0.094203
ATL,0.093685
MUC,0.093685
DME,0.089545
LHR,0.085921
DXB,0.083851
LGW,0.083333
DFW,0.082816
JFK,0.081781
BCN,0.080745
FCO,0.079193
EWR,0.078675
MAD,0.07764
STN,0.075569
IAH,0.074534
LAX,0.073499
DUS,0.072981
BRU,0.072464
DEN,0.071429
YYZ,0.071429
DUB,0.070911
MAN,0.070911
SVO,0.070393
VIE,0.068323
ZRH,0.068323
MIA,0.067288
LAS,0.0647
PEK,0.062629
CPH,0.059524
CLT,0.059006
PMI,0.059006
BKK,0.057971
IAD,0.057971
HKG,0.056936
AGP,0.055383
ORY,0.055383
ARN,0.054348
MXP,0.054348
PVG,0.054348
SAW,0.054348
DOH,0.053313
ATH,0.052795
LED,0.052277
LIS,0.052277
PHL,0.05176
CAN,0.051242
DTW,0.051242
ICN,0.050725
GVA,0.050207
SFO,0.050207
SIN,0.049172
MCO,0.048654
DEL,0.048137
BOS,0.047619
FLL,0.047619
OSL,0.047101
MEX,0.046584
PRG,0.046066
NRT,0.045549
ALC,0.045031
MSP,0.045031
DCA,0.044513
GRU,0.044513
KUL,0.043996
PHX,0.043478
CGN,0.042961
LTN,0.042961
SEA,0.042961
EDI,0.042443
NCE,0.042443
CRL,0.041925
BOM,0.041408
CMN,0.041408
HAM,0.041408
YUL,0.04089
MRS,0.040373
TFS,0.039855
JED,0.039337
LPA,0.039337
WAW,0.039337
AUH,0.03882
BGY,0.03882
BHX,0.03882
HEL,0.03882
CUN,0.038302
TLV,0.038302
CAI,0.037785
STR,0.037785
BUD,0.037267
SLC,0.037267
YVR,0.036749
BOG,0.036232
BWI,0.036232
MLA,0.036232
LGA,0.035714
VCE,0.035714
JNB,0.035197
MDW,0.035197
BRS,0.034679
RUH,0.034679
SHJ,0.034679
VKO,0.034679
LYS,0.034161
MNL,0.034161
RIX,0.033126
BLQ,0.032609
CTU,0.032609
PTY,0.032609
TPA,0.032609
OTP,0.032091
SYD,0.031573
BSL,0.031056
PSA,0.031056
OPO,0.030538
EIN,0.030021
GLA,0.030021
BVA,0.029503
FAO,0.029503
VLC,0.029503
AYT,0.028986
KBP,0.028986
TPE,0.028468
ADD,0.02795
HER,0.02795
LIM,0.02795
NBO,0.02795
NTE,0.02795
SAN,0.02795
PDX,0.027433
HND,0.026915
IBZ,0.026915
SVX,0.026398
SZX,0.026398
ACE,0.02588
BEG,0.02588
EMA,0.02588
GIG,0.02588
LCA,0.02588
MCT,0.02588
NAP,0.02588
SKG,0.02588
TUN,0.02588
BOD,0.024845
CIA,0.024845
RAK,0.024845
STL,0.024845
CGK,0.024327
CKG,0.024327
KRK,0.024327
KWI,0.024327
MEL,0.024327
XIY,0.024327
YYC,0.024327
AMM,0.02381
CTA,0.02381
HAJ,0.02381
LBA,0.02381
VCP,0.02381
BSB,0.023292
HNL,0.023292
OVB,0.023292
BNA,0.022774
DMM,0.022774
FUE,0.022774
HHN,0.022774
HOU,0.022774
LPL,0.022774
TAS,0.022774
XMN,0.022774
ADB,0.022257
ALG,0.022257
GDN,0.022257
SFB,0.022257
TLS,0.022257
AUS,0.021739
KIX,0.021739
KMG,0.021739
LUX,0.021739
NCL,0.021739
SJU,0.021739
VNO,0.021739
CVG,0.021222
AEP,0.020704
BLR,0.020704
BNE,0.020704
BRI,0.020704
CLE,0.020704
DMK,0.020704
GDL,0.020704
MAA,0.020704
WUH,0.020704
HGH,0.020186
MCI,0.020186
MSQ,0.020186
MSY,0.020186
RDU,0.020186
BGO,0.019669
CAG,0.019669
ESB,0.019669
EZE,0.019669
SOF,0.019669
SVQ,0.019669
BEY,0.019151
CSX,0.019151
NRN,0.019151
PMO,0.019151
SCL,0.019151
SGN,0.019151
TSF,0.019151
BAH,0.018634
CMB,0.018634
PUJ,0.018634
RHO,0.018634
SHA,0.018634
SJO,0.018634
ALA,0.018116
GRO,0.018116
NKG,0.018116
PIT,0.018116
BIO,0.017598
BRE,0.017598
LIN,0.017598
SAT,0.017598
CCU,0.017081
CHQ,0.017081
HAK,0.017081
HYD,0.017081
IND,0.017081
LCY,0.017081
MTY,0.017081
TIJ,0.017081
BLL,0.016563
CGO,0.016563
EVN,0.016563
HAN,0.016563
KRR,0.016563
RSW,0.016563
SPU,0.016563
TAO,0.016563
IKA,0.016046
LOS,0.016046
PER,0.016046
AZA,0.015528
CNF,0.015528
GYD,0.015528
OAK,0.015528
TSN,0.015528
WRO,0.015528
CMH,0.01501
GOT,0.01501
KEF,0.01501
MKE,0.01501
TRF,0.01501
CCS,0.014493
CFU,0.014493
DAC,0.014493
DBV,0.014493
FNC,0.014493
ISB,0.014493
NYO,0.014493
SJC,0.014493
SMF,0.014493
SVG,0.014493
SYX,0.014493
TRN,0.014493
YEG,0.014493
AKL,0.013975
DLC,0.013975
HKT,0.013975
KTM,0.013975
KTW,0.013975
ORK,0.013975
SAL,0.013975
SDQ,0.013975
SSA,0.013975
ABZ,0.013458
AHO,0.013458
BDL,0.013458
DTM,0.013458
KHI,0.013458
LEJ,0.013458
MEM,0.013458
NUE,0.013458
OLB,0.013458
RTM,0.013458
SXB,0.013458
ZAG,0.013458
DLM,0.01294
FLR,0.01294
JAX,0.01294
LHE,0.01294
LIL,0.01294
NNG,0.01294
PIE,0.01294
WMI,0.01294
ACC,0.012422
BFS,0.012422
DPS,0.012422
DYU,0.012422
HRG,0.012422
JER,0.012422
KIV,0.012422
NAS,0.012422
NGO,0.012422
SHE,0.012422
SXM,0.012422
CEB,0.011905
CPT,0.011905
MBJ,0.011905
PFO,0.011905
POA,0.011905
SNN,0.011905
CGH,0.011387
COK,0.011387
CWB,0.011387
FUK,0.011387
KJA,0.011387
MAH,0.011387
MED,0.011387
MRU,0.011387
NGB,0.011387
PBI,0.011387
TBS,0.011387
TLL,0.011387
IKT,0.01087
LJU,0.01087
OKC,0.01087
SCQ,0.01087
SDF,0.01087
SNA,0.01087
SUF,0.01087
VRN,0.01087
EBL,0.010352
HRB,0.010352
KWE,0.010352
PVR,0.010352
ROV,0.010352
SJD,0.010352
SKP,0.010352
TNA,0.010352
TPS,0.010352
YOW,0.010352
ABQ,0.009834
ADL,0.009834
AGA,0.009834
AUA,0.009834
BHM,0.009834
BUF,0.009834
CHS,0.009834
GUA,0.009834
KGS,0.009834
KZN,0.009834
MLE,0.009834
SOU,0.009834
TIA,0.009834
TRD,0.009834
TSA,0.009834
TYN,0.009834
ABJ,0.009317
BDS,0.009317
BHD,0.009317
DAR,0.009317
DJE,0.009317
FOR,0.009317
GSP,0.009317
HAV,0.009317
KIN,0.009317
LAD,0.009317
MAO,0.009317
MDE,0.009317
MPL,0.009317
OGG,0.009317
OKA,0.009317
PNH,0.009317
POZ,0.009317
REC,0.009317
SSH,0.009317
TUL,0.009317
UFA,0.009317
UIO,0.009317
AMD,0.008799
BJV,0.008799
BTS,0.008799
BZE,0.008799
CCJ,0.008799
CGB,0.008799
CLJ,0.008799
CWL,0.008799
DAL,0.008799
FOC,0.008799
FRU,0.008799
GOA,0.008799
GYE,0.008799
IEV,0.008799
LHW,0.008799
MFM,0.008799
ORF,0.008799
PEN,0.008799
PIK,0.008799
PSP,0.008799
RIC,0.008799
SDR,0.008799
URC,0.008799
ZAD,0.008799
AJA,0.008282
BEL,0.008282
CTS,0.008282
EXT,0.008282
FKB,0.008282
GRR,0.008282
KUF,0.008282
OMA,0.008282
PRN,0.008282
PVD,0.008282
RGN,0.008282
SDU,0.008282
SZG,0.008282
TFN,0.008282
TYS,0.008282
ABV,0.007764
CGQ,0.007764
CJU,0.007764
CNS,0.007764
HBE,0.007764
HFE,0.007764
LIT,0.007764
LWO,0.007764
MYR,0.007764
ONT,0.007764
PDL,0.007764
SAP,0.007764
SJW,0.007764
STT,0.007764
TJM,0.007764
TRV,0.007764
TUS,0.007764
VVO,0.007764
ZUH,0.007764
AER,0.007246
ALB,0.007246
ANC,0.007246
BGI,0.007246
CLO,0.007246
CNX,0.007246
CUR,0.007246
DRS,0.007246
DSM,0.007246
EBB,0.007246
FEZ,0.007246
FIH,0.007246
FMM,0.007246
ITM,0.007246
KHN,0.007246
KHV,0.007246
KUN,0.007246
LBD,0.007246
LEI,0.007246
MPM,0.007246
ORN,0.007246
POS,0.007246
ROC,0.007246
SYR,0.007246
WNZ,0.007246
XRY,0.007246
YKS,0.007246
BIA,0.006729
BIQ,0.006729
BKI,0.006729
DAY,0.006729
DRW,0.006729
KRT,0.006729
MRV,0.006729
PNQ,0.006729
RNO,0.006729
SAV,0.006729
TOS,0.006729
TTN,0.006729
YHZ,0.006729
BKO,0.006211
BOH,0.006211
BVC,0.006211
ELP,0.006211
GOI,0.006211
GSO,0.006211
GUM,0.006211
HMO,0.006211
HRE,0.006211
LGB,0.006211
MHT,0.006211
MVD,0.006211
NDR,0.006211
NOC,0.006211
PWM,0.006211
REU,0.006211
SCO,0.006211
SJJ,0.006211
SWA,0.006211
TGD,0.006211
TNG,0.006211
TNR,0.006211
TSR,0.006211
WUX,0.006211
XNA,0.006211
YTZ,0.006211
BOI,0.005694
BUR,0.005694
CEK,0.005694
COS,0.005694
DLA,0.005694
DUR,0.005694
GYN,0.005694
ICT,0.005694
JMK,0.005694
KGL,0.005694
KHH,0.005694
LBV,0.005694
LIH,0.005694
LIR,0.005694
MID,0.005694
MMX,0.005694
ODS,0.005694
OMS,0.005694
PEW,0.005694
PNS,0.005694
TRS,0.005694
YWG,0.005694
ANU,0.005176
BGW,0.005176
BJX,0.005176
BTV,0.005176
CID,0.005176
FAT,0.005176
FLN,0.005176
FMO,0.005176
FNA,0.005176
GCI,0.005176
GEG,0.005176
GMP,0.005176
HPN,0.005176
INV,0.005176
KOA,0.005176
KWL,0.005176
MSN,0.005176
NUX,0.005176
OVD,0.005176
PLS,0.005176
PTP,0.005176
PUS,0.005176
PUY,0.005176
RAO,0.005176
RZE,0.005176
SGC,0.005176
YNT,0.005176
YQB,0.005176
ADA,0.004658
AOI,0.004658
ASU,0.004658
BES,0.004658
BMA,0.004658
CGR,0.004658
COO,0.004658
COR,0.004658
CUU,0.004658
EUG,0.004658
FDF,0.004658
GAU,0.004658
HET,0.004658
IXE,0.004658
JAI,0.004658
JTR,0.004658
LEX,0.004658
LFW,0.004658
LKO,0.004658
LPB,0.004658
LUN,0.004658
NAT,0.004658
NSK,0.004658
OOL,0.004658
OSS,0.004658
OUD,0.004658
PAP,0.004658
POP,0.004658
PSR,0.004658
RAI,0.004658
RUN,0.004658
SEZ,0.004658
SKT,0.004658
SUB,0.004658
VER,0.004658
VOG,0.004658
VTE,0.004658
VVI,0.004658
ZHA,0.004658
ZTH,0.004658
AAL,0.004141
ABE,0.004141
ADZ,0.004141
AGU,0.004141
AJU,0.004141
BDA,0.004141
BOJ,0.004141
CAE,0.004141
CTG,0.004141
DNK,0.004141
DSA,0.004141
ECN,0.004141
EOH,0.004141
FAR,0.004141
FSC,0.004141
FSD,0.004141
FWA,0.004141
GRZ,0.004141
HRK,0.004141
JJN,0.004141
KGD,0.004141
LJG,0.004141
MDT,0.004141
MGA,0.004141
MGF,0.004141
MIR,0.004141
MZT,0.004141
NAN,0.004141
NJC,0.004141
PPT,0.004141
PVK,0.004141
RBA,0.004141
RMQ,0.004141
ROA,0.004141
SLP,0.004141
SLZ,0.004141
UVF,0.004141
VAR,0.004141
VIX,0.004141
WIL,0.004141
AES,0.003623
ASF,0.003623
ASP,0.003623
ATW,0.003623
AVL,0.003623
BBI,0.003623
BLI,0.003623
BME,0.003623
BPS,0.003623
BZN,0.003623
BZV,0.003623
CGP,0.003623
CIY,0.003623
CUL,0.003623
CZM,0.003623
EYW,0.003623
GOJ,0.003623
HTY,0.003623
IDR,0.003623
IGU,0.003623
IOM,0.003623
IOS,0.003623
JRO,0.003623
KCH,0.003623
KOJ,0.003623
KRS,0.003623
KUT,0.003623
LAP,0.003623
LDB,0.003623
LIG,0.003623
LXR,0.003623
MCZ,0.003623
MFR,0.003623
MJT,0.003623
MLI,0.003623
MLM,0.003623
MST,0.003623
MUX,0.003623
NAG,0.003623
NWI,0.003623
OUA,0.003623
PIA,0.003623
QRO,0.003623
RNS,0.003623
RTB,0.003623
SDJ,0.003623
SGF,0.003623
SID,0.003623
SPC,0.003623
SZB,0.003623
THE,0.003623
TKU,0.003623
TLH,0.003623
TMP,0.003623
UDI,0.003623
UKB,0.003623
UUD,0.003623
VSA,0.003623
VTZ,0.003623
WDH,0.003623
WLG,0.003623
YIH,0.003623
YLW,0.003623
YXE,0.003623
YYJ,0.003623
ZAZ,0.003623
ZNZ,0.003623
AAR,0.003106
ACY,0.003106
AHB,0.003106
BAQ,0.003106
BHY,0.003106
BJL,0.003106
BMI,0.003106
BOO,0.003106
BZR,0.003106
CBR,0.003106
CFE,0.003106
CHA,0.003106
CJB,0.003106
CJS,0.003106
CLY,0.003106
CZL,0.003106
DZA,0.003106
EGC,0.003106
ELQ,0.003106
FDH,0.003106
GCM,0.003106
GND,0.003106
GUW,0.003106
GWT,0.003106
GZP,0.003106
HAU,0.003106
HMA,0.003106
HRL,0.003106
HSV,0.003106
HTA,0.003106
IAS,0.003106
INN,0.003106
JAN,0.003106
JHB,0.003106
JOG,0.003106
JPA,0.003106
KIR,0.003106
LBB,0.003106
LCG,0.003106
LNZ,0.003106
LUZ,0.003106
MBA,0.003106
MDZ,0.003106
NJF,0.003106
NSI,0.003106
PBC,0.003106
PGD,0.003106
ROB,0.003106
RPR,0.003106
SBN,0.003106
SLL,0.003106
SLY,0.003106
SRQ,0.003106
SXR,0.003106
SZZ,0.003106
TER,0.003106
TRC,0.003106
TSV,0.003106
TUU,0.003106
TZX,0.003106
USM,0.003106
UUS,0.003106
YNB,0.003106
YYT,0.003106
ASB,0.002588
ASR,0.002588
BGR,0.002588
BON,0.002588
BQS,0.002588
BRC,0.002588
BUS,0.002588
CBB,0.002588
CCF,0.002588
CHC,0.002588
CIT,0.002588
CKY,0.002588
CRK,0.002588
CUZ,0.002588
CXR,0.002588
CZX,0.002588
DYG,0.002588
ERF,0.002588
FEG,0.002588
FNT,0.002588
GBE,0.002588
GEO,0.002588
GIB,0.002588
GNV,0.002588
GRX,0.002588
GZT,0.002588
HGA,0.002588
HMB,0.002588
ILO,0.002588
ISP,0.002588
ISU,0.002588
JDO,0.002588
JIB,0.002588
KBV,0.002588
KLX,0.002588
LDE,0.002588
LDY,0.002588
LGK,0.002588
LRH,0.002588
MAF,0.002588
MHD,0.002588
MHH,0.002588
MRY,0.002588
MSO,0.002588
MYJ,0.002588
NBC,0.002588
NBE,0.002588
NKC,0.002588
NMA,0.002588
NOJ,0.002588
NTG,0.002588
NVT,0.002588
NYM,0.002588
OAX,0.002588
PAD,0.002588
PAT,0.002588
PBM,0.002588
PGF,0.002588
PMC,0.002588
PSC,0.002588
RDM,0.002588
REN,0.002588
REX,0.002588
RFD,0.002588
SBA,0.002588
SBH,0.002588
SIP,0.002588
SJP,0.002588
SMI,0.002588
STI,0.002588
SWF,0.002588
SYZ,0.002588
TAM,0.002588
TGU,0.002588
TGZ,0.002588
TUF,0.002588
UGC,0.002588
VGO,0.002588
VOZ,0.002588
VRA,0.002588
VXE,0.002588
AAE,0.00207
ABA,0.00207
ACA,0.00207
AMA,0.00207
AQP,0.00207
ARH,0.00207
ATQ,0.00207
ATZ,0.00207
AVP,0.00207
BFL,0.00207
BIL,0.00207
BPN,0.00207
BQN,0.00207
BSR,0.00207
BTK,0.00207
BWN,0.00207
CEE,0.00207
CEN,0.00207
CFR,0.00207
CHO,0.00207
CRD,0.00207
DAD,0.00207
DIB,0.00207
DIY,0.00207
ECP,0.00207
EFL,0.00207
EGO,0.00207
ETZ,0.00207
FAE,0.00207
FCA,0.00207
FPO,0.00207
GDX,0.00207
GNY,0.00207
HAS,0.00207
HIJ,0.00207
HKD,0.00207
IDA,0.00207
ILM,0.00207
IMF,0.00207
IMP,0.00207
IXB,0.00207
IXJ,0.00207
JHG,0.00207
JKH,0.00207
JUB,0.00207
KNH,0.00207
KOI,0.00207
KOW,0.00207
KSC,0.00207
KTA,0.00207
KVA,0.00207
LAN,0.00207
LOP,0.00207
LRM,0.00207
LSI,0.00207
LYI,0.00207
MFE,0.00207
MIG,0.00207
MJZ,0.00207
MLH,0.00207
MLN,0.00207
MOZ,0.00207
MQM,0.00207
MUB,0.00207
MYY,0.00207
NGS,0.00207
NQY,0.00207
OIT,0.00207
PBG,0.00207
PEG,0.00207
PEI,0.00207
PKC,0.00207
PMF,0.00207
PQC,0.00207
PUF,0.00207
PVH,0.00207
RAP,0.00207
SCW,0.00207
SKD,0.00207
SLA,0.00207
STS,0.00207
SYY,0.00207
TIV,0.00207
TOF,0.00207
TRZ,0.00207
TWU,0.00207
USH,0.00207
UTH,0.00207
VAN,0.00207
VNS,0.00207
VXO,0.00207
XAP,0.00207
XNN,0.00207
XUZ,0.00207
YHU,0.00207
YIW,0.00207
YQM,0.00207
ZCL,0.00207
ZQN,0.00207
AAQ,0.001553
AKX,0.001553
ANF,0.001553
AOK,0.001553
APL,0.001553
AQJ,0.001553
ASM,0.001553
ASW,0.001553
AXA,0.001553
AZN,0.001553
BAL,0.001553
BEN,0.001553
BEW,0.001553
BFN,0.001553
BGA,0.001553
BGF,0.001553
BHK,0.001553
BHO,0.001553
BHQ,0.001553
BIS,0.001553
BJA,0.001553
BNX,0.001553
BTH,0.001553
BTR,0.001553
BZG,0.001553
CAC,0.001553
CAK,0.001553
CCP,0.001553
CJC,0.001553
CKS,0.001553
CUC,0.001553
CUK,0.001553
DGO,0.001553
DLH,0.001553
DRO,0.001553
DVO,0.001553
EIS,0.001553
ELS,0.001553
ERC,0.001553
ERZ,0.001553
EUN,0.001553
EVE,0.001553
EYK,0.001553
FBM,0.001553
FLW,0.001553
FNI,0.001553
FTE,0.001553
GGT,0.001553
GIZ,0.001553
GJT,0.001553
GPT,0.001553
GRB,0.001553
GTF,0.001553
HAH,0.001553
HBA,0.001553
HDY,0.001553
HOG,0.001553
HOR,0.001553
HTI,0.001553
HUY,0.001553
IBR,0.001553
IGR,0.001553
IJK,0.001553
ISA,0.001553
ISG,0.001553
IXC,0.001553
IXL,0.001553
IXM,0.001553
IXR,0.001553
IXS,0.001553
IXZ,0.001553
JDZ,0.001553
JKL,0.001553
JOI,0.001553
JSH,0.001553
JUL,0.001553
KBR,0.001553
KCM,0.001553
KGF,0.001553
KLU,0.001553
KMI,0.001553
KMJ,0.001553
KSU,0.001553
KSY,0.001553
KVD,0.001553
KYA,0.001553
LBE,0.001553
LBU,0.001553
LGG,0.001553
LLW,0.001553
LMM,0.001553
LMP,0.001553
LPQ,0.001553
LRD,0.001553
LSC,0.001553
LST,0.001553
LVI,0.001553
LXA,0.001553
LXS,0.001553
LYA,0.001553
MAB,0.001553
MCX,0.001553
MGQ,0.001553
MHQ,0.001553
MKY,0.001553
MLX,0.001553
MMK,0.001553
MOB,0.001553
MQP,0.001553
MXL,0.001553
MYD,0.001553
MZG,0.001553
NDJ,0.001553
NIM,0.001553
NTL,0.001553
OUL,0.001553
OXB,0.001553
PAC,0.001553
PEE,0.001553
PHE,0.001553
PIX,0.001553
PLM,0.001553
PLQ,0.001553
PLZ,0.001553
PNL,0.001553
PNR,0.001553
PNZ,0.001553
POM,0.001553
RBR,0.001553
RDZ,0.001553
RMF,0.001553
ROS,0.001553
SBP,0.001553
SCE,0.001553
SHV,0.001553
SKB,0.001553
SPR,0.001553
SRE,0.001553
STW,0.001553
STX,0.001553
TAK,0.001553
TIF,0.001553
TJU,0.001553
TZA,0.001553
UBA,0.001553
UPG,0.001553
VAS,0.001553
VDC,0.001553
VDE,0.001553
VFA,0.001553
VIL,0.001553
VPS,0.001553
VST,0.001553
YAM,0.001553
YFC,0.001553
YHM,0.001553
YNZ,0.001553
YQT,0.001553
YTY,0.001553
YXS,0.001553
YXY,0.001553
YZF,0.001553
YZV,0.001553
ZLO,0.001553
ABB,0.001035
ABT,0.001035
ABX,0.001035
AGS,0.001035
AJF,0.001035
AJI,0.001035
AJL,0.001035
ALF,0.001035
AOG,0.001035
AOR,0.001035
APO,0.001035
ARU,0.001035
ASE,0.001035
ATM,0.001035
AXD,0.001035
AXM,0.001035
AXT,0.001035
BAV,0.001035
BAX,0.001035
BBA,0.001035
BCD,0.001035
BDQ,0.001035
BEB,0.001035
BGG,0.001035
BHI,0.001035
BJM,0.001035
BJZ,0.001035
BNI,0.001035
BNK,0.001035
BOB,0.001035
BOC,0.001035
BRA,0.001035
BRN,0.001035
BRO,0.001035
BVB,0.001035
BVE,0.001035
BXU,0.001035
CAY,0.001035
CCC,0.001035
CEI,0.001035
CFB,0.001035
CFN,0.001035
CFS,0.001035
CGY,0.001035
CLL,0.001035
CLQ,0.001035
CMI,0.001035
COU,0.001035
CPO,0.001035
CPR,0.001035
CPV,0.001035
CRA,0.001035
CRP,0.001035
CSY,0.001035
CUE,0.001035
CUF,0.001035
CXJ,0.001035
DAB,0.001035
DAV,0.001035
DBO,0.001035
DEB,0.001035
DED,0.001035
DGA,0.001035
DGT,0.001035
DJJ,0.001035
DLE,0.001035
DMU,0.001035
DNH,0.001035
DNZ,0.001035
DOM,0.001035
DSN,0.001035
EAM,0.001035
EAS,0.001035
ENU,0.001035
ESU,0.001035
EVV,0.001035
EZS,0.001035
FAI,0.001035
FEN,0.001035
FON,0.001035
FRS,0.001035
GAN,0.001035
GFK,0.001035
GLT,0.001035
GOH,0.001035
GRI,0.001035
GRJ,0.001035
HBX,0.001035
HDS,0.001035
HIA,0.001035
HLA,0.001035
HTS,0.001035
HUH,0.001035
HUN,0.001035
HUX,0.001035
HVB,0.001035
HYN,0.001035
IAG,0.001035
IBE,0.001035
IFN,0.001035
IGD,0.001035
INH,0.001035
IQQ,0.001035
IQT,0.001035
ITH,0.001035
ITO,0.001035
IXA,0.001035
IXD,0.001035
IXU,0.001035
JDH,0.001035
JLR,0.001035
JNU,0.001035
KAN,0.001035
KEJ,0.001035
KHG,0.001035
KIJ,0.001035
KIM,0.001035
KKC,0.001035
KKN,0.001035
KLO,0.001035
KLR,0.001035
KNX,0.001035
KPO,0.001035
KSE,0.001035
KSQ,0.001035
KUA,0.001035
KVX,0.001035
KWJ,0.001035
KZO,0.001035
LAE,0.001035
LAU,0.001035
LBC,0.001035
LCE,0.001035
LCK,0.001035
LEB,0.001035
LEN,0.001035
LET,0.001035
LOH,0.001035
LRS,0.001035
LSE,0.001035
LYR,0.001035
LZO,0.001035
MAR,0.001035
MCY,0.001035
MDC,0.001035
MDG,0.001035
MDQ,0.001035
MEA,0.001035
MGB,0.001035
MGM,0.001035
MIM,0.001035
MKK,0.001035
MME,0.001035
MOL,0.001035
MOT,0.001035
MPH,0.001035
MQF,0.001035
MSR,0.001035
MTR,0.001035
MXZ,0.001035
MYQ,0.001035
MZH,0.001035
NAV,0.001035
NCU,0.001035
NER,0.001035
NLD,0.001035
NNY,0.001035
NOZ,0.001035
NQN,0.001035
NYA,0.001035
OPS,0.001035
OSD,0.001035
OSI,0.001035
OSR,0.001035
OZC,0.001035
OZH,0.001035
OZZ,0.001035
PAG,0.001035
PCL,0.001035
PDV,0.001035
PEM,0.001035
PHB,0.001035
PHC,0.001035
PIS,0.001035
PMW,0.001035
POL,0.001035
PPB,0.001035
PPP,0.001035
PPS,0.001035
PSE,0.001035
PSO,0.001035
PUQ,0.001035
PUU,0.001035
PVA,0.001035
PYJ,0.001035
QOW,0.001035
QRW,0.001035
REL,0.001035
RFP,0.001035
RGL,0.001035
RKV,0.001035
RLG,0.001035
RMI,0.001035
RNB,0.001035
ROR,0.001035
RST,0.001035
RSU,0.001035
SAF,0.001035
SBW,0.001035
SBZ,0.001035
SCN,0.001035
SDK,0.001035
SDL,0.001035
SJZ,0.001035
SKU,0.001035
SKX,0.001035
SLU,0.001035
SMR,0.001035
SPI,0.001035
SPN,0.001035
SSG,0.001035
STM,0.001035
STV,0.001035
SUV,0.001035
TAB,0.001035
TAC,0.001035
TAE,0.001035
TAP,0.001035
TCQ,0.001035
TGG,0.001035
TGM,0.001035
TLC,0.001035
TLN,0.001035
TMJ,0.001035
TOL,0.001035
TPP,0.001035
TPQ,0.001035
TRK,0.001035
TUK,0.001035
TZL,0.001035
UBP,0.001035
UCT,0.001035
UDR,0.001035
UKK,0.001035
ULV,0.001035
UME,0.001035
URA,0.001035
URT,0.001035
USN,0.001035
USU,0.001035
UTN,0.001035
UTP,0.001035
UUA,0.001035
VBY,0.001035
VGA,0.001035
VKT,0.001035
WGA,0.001035
WVB,0.001035
XCH,0.001035
XCR,0.001035
XQP,0.001035
YBG,0.001035
YBP,0.001035
YCU,0.001035
YKA,0.001035
YKF,0.001035
YMM,0.001035
YNJ,0.001035
YQG,0.001035
YQQ,0.001035
YQR,0.001035
YQU,0.001035
YSB,0.001035
YSJ,0.001035
YTS,0.001035
YVO,0.001035
YXC,0.001035
YXJ,0.001035
YXT,0.001035
YXU,0.001035
YXX,0.001035
YYG,0.001035
ZIH,0.001035
ZYL,0.001035
AAN,0.000518
ABM,0.000518
ABS,0.000518
ACH,0.000518
ACK,0.000518
ACT,0.000518
ACV,0.000518
ADF,0.000518
AEX,0.000518
AEY,0.000518
AFA,0.000518
AFL,0.000518
AGH,0.000518
AGR,0.000518
AGX,0.000518
AKJ,0.000518
AKY,0.000518
ALH,0.000518
AMH,0.000518
AMQ,0.000518
ANR,0.000518
AOE,0.000518
AOJ,0.000518
AOO,0.000518
APF,0.000518
APW,0.000518
AQG,0.000518
AQI,0.000518
ARI,0.000518
ARK,0.000518
ARM,0.000518
ART,0.000518
ASJ,0.000518
ASV,0.000518
AUC,0.000518
AUR,0.000518
AUX,0.000518
AVV,0.000518
AYP,0.000518
AYQ,0.000518
AZO,0.000518
AZS,0.000518
BAY,0.000518
BBK,0.000518
BDP,0.000518
BDU,0.000518
BFV,0.000518
BHE,0.000518
BHH,0.000518
BHJ,0.000518
BHU,0.000518
BIR,0.000518
BLZ,0.000518
BND,0.000518
BRL,0.000518
BRQ,0.000518
BRR,0.000518
BSC,0.000518
BSK,0.000518
BTJ,0.000518
BTU,0.000518
BUQ,0.000518
BVH,0.000518
BVS,0.000518
BWA,0.000518
BYO,0.000518
CAL,0.000518
CAP,0.000518
CBH,0.000518
CCK,0.000518
CDB,0.000518
CGD,0.000518
CHX,0.000518
CIF,0.000518
CIH,0.000518
CIX,0.000518
CIZ,0.000518
CJA,0.000518
CJJ,0.000518
CJM,0.000518
CKB,0.000518
CKZ,0.000518
CLD,0.000518
CLV,0.000518
CME,0.000518
CMG,0.000518
CNY,0.000518
COD,0.000518
CPC,0.000518
CPE,0.000518
CPX,0.000518
CRW,0.000518
CTC,0.000518
CTM,0.000518
CWA,0.000518
CXB,0.000518
CXH,0.000518
CYS,0.000518
CYZ,0.000518
CZS,0.000518
CZU,0.000518
DAT,0.000518
DCM,0.000518
DCY,0.000518
DDG,0.000518
DEC,0.000518
DHI,0.000518
DHM,0.000518
DIL,0.000518
DIR,0.000518
DIU,0.000518
DJB,0.000518
DLI,0.000518
DMB,0.000518
DND,0.000518
DOU,0.000518
DOY,0.000518
DPL,0.000518
DQA,0.000518
DRK,0.000518
DUD,0.000518
EAU,0.000518
EBJ,0.000518
EDL,0.000518
EDO,0.000518
EGE,0.000518
EJA,0.000518
ELH,0.000518
ELM,0.000518
ELU,0.000518
EMD,0.000518
ENY,0.000518
EPR,0.000518
ERI,0.000518
ERM,0.000518
ESL,0.000518
EVG,0.000518
EWN,0.000518
EYP,0.000518
FAY,0.000518
FDE,0.000518
FKS,0.000518
FLA,0.000518
FLG,0.000518
FMA,0.000518
FRO,0.000518
FRW,0.000518
FUG,0.000518
GCC,0.000518
GDZ,0.000518
GES,0.000518
GFF,0.000518
GHB,0.000518
GLF,0.000518
GLN,0.000518
GMZ,0.000518
GOP,0.000518
GPS,0.000518
GRK,0.000518
GUC,0.000518
GWL,0.000518
GYS,0.000518
HAD,0.000518
HDG,0.000518
HDN,0.000518
HFT,0.000518
HGN,0.000518
HGR,0.000518
HHH,0.000518
HID,0.000518
HLD,0.000518
HLZ,0.000518
HNM,0.000518
HOF,0.000518
HOM,0.000518
HRI,0.000518
HSG,0.000518
HSN,0.000518
HUI,0.000518
HUU,0.000518
IAO,0.000518
IAR,0.000518
IFO,0.000518
ILD,0.000518
ILG,0.000518
ILR,0.000518
ILY,0.000518
IOA,0.000518
IPH,0.000518
IPI,0.000518
IPL,0.000518
IRG,0.000518
IRJ,0.000518
ISE,0.000518
IVL,0.000518
IXG,0.000518
IZA,0.000518
JAC,0.000518
JAU,0.000518
JBQ,0.000518
JBR,0.000518
JGA,0.000518
JHM,0.000518
JIJ,0.000518
JIK,0.000518
JKR,0.000518
JLN,0.000518
JNG,0.000518
JNX,0.000518
JOE,0.000518
JPR,0.000518
JSI,0.000518
JST,0.000518
JSY,0.000518
JTC,0.000518
JTY,0.000518
JUJ,0.000518
KAJ,0.000518
KAO,0.000518
KCA,0.000518
KCK,0.000518
KCZ,0.000518
KEP,0.000518
KFS,0.000518
KGI,0.000518
KHS,0.000518
KIS,0.000518
KIT,0.000518
KLW,0.000518
KMQ,0.000518
KMS,0.000518
KNS,0.000518
KNU,0.000518
KOP,0.000518
KQT,0.000518
KRF,0.000518
KRN,0.000518
KRO,0.000518
KRP,0.000518
KSF,0.000518
KSJ,0.000518
KSN,0.000518
KSO,0.000518
KTN,0.000518
KUO,0.000518
KUU,0.000518
KUV,0.000518
KVK,0.000518
KWM,0.000518
KZI,0.000518
KZR,0.000518
LAO,0.000518
LBJ,0.000518
LBL,0.000518
LDU,0.000518
LEA,0.000518
LEC,0.000518
LFT,0.000518
LGI,0.000518
LGP,0.000518
LKN,0.000518
LLA,0.000518
LNK,0.000518
LNY,0.000518
LOE,0.000518
LPI,0.000518
LPP,0.000518
LPT,0.000518
LRT,0.000518
LTO,0.000518
LUK,0.000518
LUM,0.000518
LUQ,0.000518
LWN,0.000518
LXG,0.000518
LYG,0.000518
LYP,0.000518
LZH,0.000518
LZY,0.000518
MAJ,0.000518
MAM,0.000518
MAQ,0.000518
MAZ,0.000518
MBI,0.000518
MBS,0.000518
MBT,0.000518
MCN,0.000518
MCP,0.000518
MEC,0.000518
MFU,0.000518
MHC,0.000518
MHK,0.000518
MII,0.000518
MLB,0.000518
MLG,0.000518
MLO,0.000518
MMY,0.000518
MOC,0.000518
MQL,0.000518
MRE,0.000518
MSU,0.000518
MTJ,0.000518
MTT,0.000518
MVP,0.000518
MVY,0.000518
MWZ,0.000518
MYA,0.000518
MZL,0.000518
NAJ,0.000518
NAO,0.000518
NDB,0.000518
NDG,0.000518
NEV,0.000518
NLA,0.000518
NNM,0.000518
NNT,0.000518
NOB,0.000518
NOP,0.000518
NOS,0.000518
NPL,0.000518
NQU,0.000518
NST,0.000518
NVA,0.000518
NZH,0.000518
OAG,0.000518
OAJ,0.000518
OBO,0.000518
OCC,0.000518
OER,0.000518
OGD,0.000518
OGL,0.000518
OGZ,0.000518
OKJ,0.000518
OLA,0.000518
OMR,0.000518
ONQ,0.000518
OST,0.000518
OVS,0.000518
OWB,0.000518
PAS,0.000518
PBZ,0.000518
PCR,0.000518
PDA,0.000518
PDG,0.000518
PDP,0.000518
PDS,0.000518
PED,0.000518
PES,0.000518
PET,0.000518
PEZ,0.000518
PHF,0.000518
PHS,0.000518
PIH,0.000518
PIN,0.000518
PIU,0.000518
PJM,0.000518
PKE,0.000518
PKR,0.000518
PLJ,0.000518
PLO,0.000518
PMR,0.000518
PMY,0.000518
PNA,0.000518
POI,0.000518
PPN,0.000518
PPW,0.000518
PQQ,0.000518
PRA,0.000518
PRC,0.000518
PRH,0.000518
PRI,0.000518
PSM,0.000518
PSS,0.000518
PUB,0.000518
PVU,0.000518
PXM,0.000518
PXO,0.000518
PZB,0.000518
QBC,0.000518
RAE,0.000518
RAJ,0.000518
RAR,0.000518
RCH,0.000518
RDD,0.000518
REG,0.000518
RES,0.000518
RGA,0.000518
RGK,0.000518
RGS,0.000518
RIA,0.000518
RJA,0.000518
RJL,0.000518
RMA,0.000518
RNN,0.000518
ROI,0.000518
ROK,0.000518
ROO,0.000518
ROT,0.000518
RRS,0.000518
RTW,0.000518
RVD,0.000518
RVE,0.000518
RVN,0.000518
RXS,0.000518
SAB,0.000518
SBY,0.000518
SCK,0.000518
SCY,0.000518
SDE,0.000518
SDN,0.000518
SFG,0.000518
SFN,0.000518
SFT,0.000518
SGD,0.000518
SGU,0.000518
SHL,0.000518
SHM,0.000518
SJI,0.000518
SMA,0.000518
SMX,0.000518
SNO,0.000518
SNU,0.000518
SOG,0.000518
SOQ,0.000518
SRG,0.000518
SRP,0.000518
SUJ,0.000518
SUX,0.000518
SVD,0.000518
SVJ,0.000518
SVL,0.000518
SYM,0.000518
SYO,0.000518
TAG,0.000518
TBN,0.000518
TBP,0.000518
TBT,0.000518
TBW,0.000518
TBZ,0.000518
TCO,0.000518
TCR,0.000518
TDD,0.000518
TDX,0.000518
TET,0.000518
TFF,0.000518
TGO,0.000518
THD,0.000518
THS,0.000518
TIP,0.000518
TIR,0.000518
TJA,0.000518
TKD,0.000518
TKG,0.000518
TKK,0.000518
TKS,0.000518
TLM,0.000518
TME,0.000518
TMI,0.000518
TML,0.000518
TMS,0.000518
TMU,0.000518
TNJ,0.000518
TRE,0.000518
TRI,0.000518
TRU,0.000518
TST,0.000518
TTE,0.000518
TTJ,0.000518
TTQ,0.000518
TTT,0.000518
TTU,0.000518
TUC,0.000518
TUG,0.000518
TUO,0.000518
TWB,0.000518
TWF,0.000518
TXN,0.000518
UAQ,0.000518
UAS,0.000518
UIB,0.000518
UIP,0.000518
UKA,0.000518
ULH,0.000518
ULK,0.000518
UNN,0.000518
UPN,0.000518
URJ,0.000518
URS,0.000518
URY,0.000518
UTT,0.000518
UYN,0.000518
VAA,0.000518
VDM,0.000518
VLL,0.000518
VLN,0.000518
VPY,0.000518
VQS,0.000518
VUP,0.000518
VVC,0.000518
WEF,0.000518
WJR,0.000518
WJU,0.000518
WNP,0.000518
WRY,0.000518
WXN,0.000518
WYA,0.000518
XFN,0.000518
YBC,0.000518
YBL,0.000518
YCG,0.000518
YDF,0.000518
YDQ,0.000518
YIC,0.000518
YOL,0.000518
YPR,0.000518
YPW,0.000518
YQX,0.000518
YQY,0.000518
YQZ,0.000518
YRL,0.000518
YWH,0.000518
YWL,0.000518
YYF,0.000518
YYQ,0.000518
YZP,0.000518
YZT,0.000518
YZZ,0.000518
ZAL,0.000518
ZAM,0.000518
ZAT,0.000518
ZBF,0.000518
ZCO,0.000518
ZNE,0.000518
ZOS,0.000518
ZSE,0.000518
ZYI,0.000518
